"index","time","minutes","dateTime","SPD33.CH1_Voltage","SPD33.CH1_Current","SPD33.CH1_Power","SPD33.CH2_Voltage","SPD33.CH2_Current","SPD33.CH2_Power"
0,0.066,0.0011,1750164557.715,0,0,0,5,0.37,1.85
1,1.066,0.0177666667,1750164558.712,0,0,0,5,0.37,1.85
2,2.067,0.03445,1750164559.714,0,0,0,5,0.37,1.85
3,3.066,0.0511,1750164560.723,0,0,0,5,0.37,1.85
4,4.067,0.0677833333,1750164561.713,0,0,0,5,0.37,1.85
5,5.067,0.08445,1750164562.715,0,0,0,4.99,0.37,1.85
6,6.067,0.1011166667,1750164563.716,0,0,0,4.99,0.37,1.85
7,7.066,0.1177666667,1750164564.714,0,0,0,5,0.37,1.85
8,8.066,0.1344333333,1750164565.718,0,0,0,5,0.37,1.85
9,9.066,0.1511,1750164566.712,0,0,0,5,0.37,1.85
10,10.067,0.1677833333,1750164567.716,0,0,0,5,0.37,1.85
11,11.066,0.1844333333,1750164568.713,0,0,0,5,0.45,2.25
12,12.066,0.2011,1750164569.712,0,0,0,5,0.61,3.05
13,13.066,0.2177666667,1750164570.713,0,0,0,4.99,0.58,2.89
14,14.066,0.2344333333,1750164571.715,0,0,0,4.99,0.57,2.84
15,15.066,0.2511,1750164572.727,0,0,0,4.99,0.45,2.25
16,16.066,0.2677666667,1750164573.712,0,0,0,4.99,0.43,1.85
17,17.066,0.2844333333,1750164574.712,0,0,0,4.99,0.42,2.1
18,18.067,0.3011166667,1750164575.715,0,0,0,4.99,0.37,1.85
19,19.066,0.3177666667,1750164576.715,0,0,0,5,0.37,1.85
20,20.066,0.3344333333,1750164577.715,0,0,0,4.99,0.37,1.85
21,21.067,0.3511166667,1750164578.713,0,0,0,4.99,0.37,1.85
22,22.066,0.3677666667,1750164579.712,0,0,0,4.99,0.37,1.85
23,23.066,0.3844333333,1750164580.718,0,0,0,4.99,0.37,1.85
24,24.066,0.4011,1750164581.715,0,0,0,4.99,0.37,1.85
25,25.066,0.4177666667,1750164582.715,0,0,0,4.99,0.37,1.85
26,26.066,0.4344333333,1750164583.713,0,0,0,5,0.37,1.85
27,27.067,0.4511166667,1750164584.718,0,0,0,4.99,0.37,1.85
28,28.067,0.4677833333,1750164585.711,0,0,0,5,0.37,1.85
29,29.066,0.4844333333,1750164586.712,0,0,0,5,0.37,1.85
30,30.066,0.5011,1750164587.719,0,0,0,5,0.37,1.85
31,31.066,0.5177666667,1750164588.712,0,0,0,4.99,0.37,1.85
32,32.067,0.53445,1750164589.714,0,0,0,5,0.37,1.85
33,33.067,0.5511166667,1750164590.717,0,0,0,5,0.37,1.85
34,34.066,0.5677666667,1750164591.715,0,0,0,4.99,0.37,1.85
35,35.066,0.5844333333,1750164592.717,0,0,0,5,0.37,1.85
36,36.067,0.6011166667,1750164593.713,0,0,0,4.99,0.37,1.85
37,37.066,0.6177666667,1750164594.716,0,0,0,4.99,0.37,1.85
38,38.067,0.63445,1750164595.713,0,0,0,5,0.37,1.85
39,39.066,0.6511,1750164596.717,0,0,0,5,0.37,1.85
40,40.066,0.6677666667,1750164597.735,0,0,0,5,0.37,1.85
41,41.066,0.6844333333,1750164598.712,0,0,0,5,0.37,1.85
42,42.066,0.7011,1750164599.713,0,0,0,5,0.37,1.85
43,43.067,0.7177833333,1750164600.719,0,0,0,5,0.37,1.85
44,44.066,0.7344333333,1750164601.712,0,0,0,5,0.37,1.85
45,45.066,0.7511,1750164602.713,0,0,0,5,0.45,2.25
46,46.066,0.7677666667,1750164603.712,0,0,0,5,0.45,2.25
47,47.066,0.7844333333,1750164604.712,0,0,0,5,0.45,2.25
48,48.067,0.8011166667,1750164605.714,0,0,0,5,0.45,2.25
49,49.066,0.8177666667,1750164606.711,0,0,0,5,0.45,2.25
50,50.066,0.8344333333,1750164607.712,0,0,0,5,0.37,1.85
51,51.066,0.8511,1750164608.715,0,0,0,5,0.37,1.85
52,52.067,0.8677833333,1750164609.71,0,0,0,5,0.37,1.85
53,53.067,0.88445,1750164610.713,0,0,0,5,0.37,1.85
54,54.067,0.9011166667,1750164611.711,0,0,0,5,0.37,1.85
55,55.066,0.9177666667,1750164612.713,0,0,0,5,0.37,1.85
56,56.067,0.93445,1750164613.717,0,0,0,5,0.37,1.85
57,57.066,0.9511,1750164614.713,0,0,0,5,0.37,1.85
58,58.066,0.9677666667,1750164615.714,0,0,0,5,0.37,1.85
59,59.066,0.9844333333,1750164616.72,0,0,0,5,0.37,1.85
60,60.066,1.0011,1750164617.717,0,0,0,5,0.37,1.85
61,61.067,1.0177833333,1750164618.713,0,0,0,5,0.37,1.85
62,62.067,1.03445,1750164619.713,0,0,0,5,0.37,1.85
63,63.066,1.0511,1750164620.74,0,0,0,5,0.37,1.85
64,64.066,1.0677666667,1750164621.712,0,0,0,5,0.37,1.85
65,65.066,1.0844333333,1750164622.713,0,0,0,5,0.37,1.85
66,66.066,1.1011,1750164623.715,0,0,0,5,0.37,1.85
67,67.066,1.1177666667,1750164624.715,0,0,0,4.99,0.37,1.85
68,68.067,1.13445,1750164625.712,0,0,0,4.99,0.37,1.85
69,69.066,1.1511,1750164626.718,0,0,0,5,0.37,1.85
70,70.066,1.1677666667,1750164627.712,0,0,0,5,0.37,1.85
71,71.066,1.1844333333,1750164628.71,0,0,0,5,0.37,1.85
72,72.066,1.2011,1750164629.714,0,0,0,5,0.37,1.85
73,73.067,1.2177833333,1750164630.713,0,0,0,5,0.37,1.85
74,74.066,1.2344333333,1750164631.715,0,0,0,5,0.37,1.85
75,75.067,1.2511166667,1750164632.733,0,0,0,5,0.37,1.85
76,76.066,1.2677666667,1750164633.713,0,0,0,5,0.37,1.85
77,77.066,1.2844333333,1750164634.713,0,0,0,5,0.37,1.85
78,78.066,1.3011,1750164635.716,0,0,0,5,0.37,1.85
79,79.066,1.3177666667,1750164636.716,0,0,0,5,0.37,1.85
80,80.066,1.3344333333,1750164637.717,0,0,0,5,0.37,1.85
81,81.067,1.3511166667,1750164638.714,0,0,0,5,0.37,1.85
82,82.066,1.3677666667,1750164639.718,0,0,0,5,0.37,1.85
83,83.067,1.38445,1750164640.712,0,0,0,5,0.37,1.85
84,84.067,1.4011166667,1750164641.713,0,0,0,5,0.37,1.85
85,85.066,1.4177666667,1750164642.72,0,0,0,5,0.37,1.85
86,86.066,1.4344333333,1750164643.712,0,0,0,5,0.37,1.85
87,87.067,1.4511166667,1750164644.736,0,0,0,5,0.37,1.85
88,88.066,1.4677666667,1750164645.712,0,0,0,5,0.37,1.85
89,89.066,1.4844333333,1750164646.716,0,0,0,5,0.37,1.85
90,90.067,1.5011166667,1750164647.714,0,0,0,5,0.37,1.85
91,91.066,1.5177666667,1750164648.713,0,0,0,5,0.41,2.05
92,92.066,1.5344333333,1750164649.713,0,0,0,5,0.37,1.85
93,93.066,1.5511,1750164650.715,0,0,0,5,0.37,1.85
94,94.066,1.5677666667,1750164651.713,0,0,0,5,0.37,1.85
95,95.066,1.5844333333,1750164652.717,0,0,0,5,0.37,1.85
96,96.067,1.6011166667,1750164653.712,0,0,0,4.99,0.37,1.85
97,97.067,1.6177833333,1750164654.716,0,0,0,5,0.37,1.85
98,98.067,1.63445,1750164655.717,0,0,0,5,0.37,1.85
99,99.066,1.6511,1750164656.728,0,0,0,5,0.37,1.85
100,100.066,1.6677666667,1750164657.712,0,0,0,5,0.37,1.85
101,101.066,1.6844333333,1750164658.714,0,0,0,5,0.37,1.85
102,102.067,1.7011166667,1750164659.72,0,0,0,5,0.37,1.85
103,103.066,1.7177666667,1750164660.716,0,0,0,5,0.37,1.85
104,104.066,1.7344333333,1750164661.717,0,0,0,5,0.37,1.85
105,105.066,1.7511,1750164662.712,0,0,0,5,0.37,1.85
106,106.066,1.7677666667,1750164663.712,0,0,0,5,0.37,1.85
107,107.066,1.7844333333,1750164664.719,0,0,0,5,0.37,1.85
108,108.066,1.8011,1750164665.718,0,0,0,5,0.37,1.85
109,109.066,1.8177666667,1750164666.711,0,0,0,5,0.37,1.85
110,110.066,1.8344333333,1750164667.713,0,0,0,5,0.37,1.85
111,111.066,1.8511,1750164668.732,0,0,0,5,0.37,1.85
112,112.066,1.8677666667,1750164669.713,0,0,0,5,0.37,1.85
113,113.067,1.88445,1750164670.717,0,0,0,5,0.37,1.85
114,114.066,1.9011,1750164671.712,0,0,0,5,0.37,1.85
115,115.066,1.9177666667,1750164672.715,0,0,0,5,0.37,1.85
116,116.067,1.93445,1750164673.715,0,0,0,5,0.37,1.85
117,117.067,1.9511166667,1750164674.716,0,0,0,5,0.37,1.85
118,118.067,1.9677833333,1750164675.716,0,0,0,5,0.37,1.85
119,119.066,1.9844333333,1750164676.712,0,0,0,5,0.37,1.85
120,120.066,2.0011,1750164677.714,0,0,0,5,0.37,1.85
121,121.067,2.0177833333,1750164678.719,0,0,0,5,0.37,1.85
122,122.067,2.03445,1750164679.72,0,0,0,5,0.37,1.85
123,123.067,2.0511166667,1750164680.71,0,0,0,5,0.37,1.85
124,124.066,2.0677666667,1750164681.712,0,0,0,5,0.37,1.85
125,125.067,2.08445,1750164682.715,0,0,0,5,0.37,1.85
126,126.066,2.1011,1750164683.712,0,0,0,5,0.37,1.85
127,127.066,2.1177666667,1750164684.712,0,0,0,5,0.37,1.85
128,128.066,2.1344333333,1750164685.714,0,0,0,5,0.37,1.85
129,129.067,2.1511166667,1750164686.719,0,0,0,5,0.37,1.85
130,130.067,2.1677833333,1750164687.715,0,0,0,5,0.37,1.85
131,131.066,2.1844333333,1750164688.713,0,0,0,5,0.37,1.85
132,132.066,2.2011,1750164689.717,0,0,0,5,0.37,1.85
133,133.066,2.2177666667,1750164690.714,0,0,0,5,0.37,1.85
134,134.066,2.2344333333,1750164691.738,0,0,0,5,0.37,1.85
135,135.066,2.2511,1750164692.713,0,0,0,5,0.52,2.6
136,136.067,2.2677833333,1750164693.719,0,0,0,5,0.75,3.75
137,137.067,2.28445,1750164694.713,0,0,0,5,0.45,2.25
138,138.066,2.3011,1750164695.715,0,0,0,5,0.45,2.25
139,139.066,2.3177666667,1750164696.717,0,0,0,5,0.45,2.25
140,140.066,2.3344333333,1750164697.712,0,0,0,5,0.39,1.95
141,141.066,2.3511,1750164698.718,0,0,0,5,0.37,1.85
142,142.066,2.3677666667,1750164699.712,0,0,0,5,0.37,1.85
143,143.066,2.3844333333,1750164700.715,0,0,0,5,0.37,1.85
144,144.066,2.4011,1750164701.712,0,0,0,5,0.42,2.1
145,145.066,2.4177666667,1750164702.712,0,0,0,5,0.37,1.85
146,146.066,2.4344333333,1750164703.735,0,0,0,5,0.49,2.45
147,147.066,2.4511,1750164704.715,0,0,0,5,0.45,2.25
148,148.066,2.4677666667,1750164705.718,0,0,0,5,0.45,2.25
149,149.066,2.4844333333,1750164706.713,0,0,0,5,0.45,2.25
150,150.067,2.5011166667,1750164707.713,0,0,0,5,0.45,2.25
151,151.066,2.5177666667,1750164708.717,0,0,0,5,0.45,2.25
152,152.067,2.53445,1750164709.716,0,0,0,5,0.37,1.85
153,153.066,2.5511,1750164710.712,0,0,0,5,0.37,1.85
154,154.067,2.5677833333,1750164711.713,0,0,0,5,0.37,1.85
155,155.066,2.5844333333,1750164712.715,0,0,0,5,0.37,1.85
156,156.066,2.6011,1750164713.715,0,0,0,5,0.37,1.85
157,157.066,2.6177666667,1750164714.718,0,0,0,5,0.37,1.85
158,158.066,2.6344333333,1750164715.734,0,0,0,5,0.37,1.85
159,159.067,2.6511166667,1750164716.716,0,0,0,5,0.37,1.85
160,160.067,2.6677833333,1750164717.716,0,0,0,5,0.37,1.85
161,161.066,2.6844333333,1750164718.719,0,0,0,5,0.37,1.85
162,162.066,2.7011,1750164719.716,0,0,0,5,0.37,1.85
163,163.066,2.7177666667,1750164720.715,0,0,0,5,0.37,1.85
164,164.066,2.7344333333,1750164721.713,0,0,0,5,0.37,1.85
165,165.066,2.7511,1750164722.712,0,0,0,5,0.37,1.85
166,166.066,2.7677666667,1750164723.719,0,0,0,5,0.37,1.85
167,167.066,2.7844333333,1750164724.721,0,0,0,5,0.37,1.85
168,168.067,2.8011166667,1750164725.715,0,0,0,5,0.37,1.85
169,169.067,2.8177833333,1750164726.718,0,0,0,5,0.37,1.85
170,170.066,2.8344333333,1750164727.735,0,0,0,5,0.37,1.85
171,171.066,2.8511,1750164728.716,0,0,0,5,0.37,1.85
172,172.066,2.8677666667,1750164729.712,0,0,0,5,0.37,1.85
173,173.066,2.8844333333,1750164730.712,0,0,0,5,0.37,1.85
174,174.066,2.9011,1750164731.716,0,0,0,5,0.37,1.85
175,175.066,2.9177666667,1750164732.714,0,0,0,5,0.37,1.85
176,176.066,2.9344333333,1750164733.717,0,0,0,5,0.37,1.85
177,177.066,2.9511,1750164734.712,0,0,0,5,0.37,1.85
178,178.066,2.9677666667,1750164735.714,0,0,0,5,0.37,1.85
179,179.066,2.9844333333,1750164736.713,0,0,0,5,0.37,1.85
180,180.066,3.0011,1750164737.715,0,0,0,5,0.37,1.85
181,181.066,3.0177666667,1750164738.738,0,0,0,5,0.37,1.85
182,182.067,3.03445,1750164739.713,0,0,0,5,0.37,1.85
183,183.066,3.0511,1750164740.712,0,0,0,5,0.37,1.85
184,184.066,3.0677666667,1750164741.713,0,0,0,5,0.37,1.85
185,185.066,3.0844333333,1750164742.711,0,0,0,5,0.37,1.85
186,186.066,3.1011,1750164743.711,0,0,0,5,0.37,1.85
187,187.067,3.1177833333,1750164744.72,0,0,0,5,0.37,1.85
188,188.066,3.1344333333,1750164745.716,0,0,0,5,0.37,1.85
189,189.066,3.1511,1750164746.713,0,0,0,5,0.37,1.85
190,190.066,3.1677666667,1750164747.712,0,0,0,5,0.37,1.85
191,191.067,3.18445,1750164748.715,0,0,0,5,0.37,1.85
192,192.066,3.2011,1750164749.719,0,0,0,5,0.37,1.85
193,193.066,3.2177666667,1750164750.736,0,0,0,5,0.37,1.85
194,194.066,3.2344333333,1750164751.713,0,0,0,5,0.37,1.85
195,195.066,3.2511,1750164752.718,0,0,0,5,0.37,1.85
196,196.066,3.2677666667,1750164753.714,0,0,0,5,0.37,1.85
197,197.066,3.2844333333,1750164754.713,0,0,0,5,0.37,1.85
198,198.066,3.3011,1750164755.716,0,0,0,5,0.37,1.85
199,199.066,3.3177666667,1750164756.716,0,0,0,5,0.37,1.85
200,200.066,3.3344333333,1750164757.715,0,0,0,5,0.37,1.85
201,201.067,3.3511166667,1750164758.712,0,0,0,5,0.37,1.85
202,202.066,3.3677666667,1750164759.713,0,0,0,5,0.37,1.85
203,203.066,3.3844333333,1750164760.718,0,0,0,5,0.37,1.85
204,204.066,3.4011,1750164761.717,0,0,0,5,0.37,1.85
205,205.067,3.4177833333,1750164762.723,0,0,0,5,0.37,1.85
206,206.066,3.4344333333,1750164763.714,0,0,0,5,0.37,1.85
207,207.067,3.4511166667,1750164764.714,0,0,0,5,0.6,3
208,208.067,3.4677833333,1750164765.714,0,0,0,5,0.69,3.45
209,209.066,3.4844333333,1750164766.715,0,0,0,5,0.45,2.25
210,210.066,3.5011,1750164767.719,0,0,0,5,0.45,2.25
211,211.066,3.5177666667,1750164768.716,0,0,0,5,0.45,2.25
212,212.067,3.53445,1750164769.714,0,0,0,5,0.41,2.05
213,213.067,3.5511166667,1750164770.713,0,0,0,5,0.37,1.85
214,214.066,3.5677666667,1750164771.711,0,0,0,5,0.37,1.85
215,215.066,3.5844333333,1750164772.719,0,0,0,5,0.39,1.95
216,216.067,3.6011166667,1750164773.721,0,0,0,5,0.37,1.85
217,217.066,3.6177666667,1750164774.729,0,0,0,5,0.37,1.85
218,218.066,3.6344333333,1750164775.711,0,0,0,5,0.37,2.25
219,219.066,3.6511,1750164776.718,0,0,0,5,0.45,2.25
220,220.066,3.6677666667,1750164777.713,0,0,0,5,0.45,2.25
221,221.066,3.6844333333,1750164778.712,0,0,0,5,0.45,2.25
222,222.067,3.7011166667,1750164779.713,0,0,0,5,0.45,2.25
223,223.067,3.7177833333,1750164780.718,0,0,0,5,0.45,2.25
224,224.066,3.7344333333,1750164781.711,0,0,0,5,0.37,1.85
225,225.066,3.7511,1750164782.715,0,0,0,5,0.37,1.85
226,226.067,3.7677833333,1750164783.714,0,0,0,5,0.37,1.85
227,227.066,3.7844333333,1750164784.713,0,0,0,5,0.37,1.85
228,228.066,3.8011,1750164785.713,0,0,0,5,0.37,1.85
229,229.066,3.8177666667,1750164786.735,0,0,0,5,0.37,1.85
230,230.066,3.8344333333,1750164787.714,0,0,0,5,0.37,1.85
231,231.066,3.8511,1750164788.713,0,0,0,5,0.37,1.85
232,232.066,3.8677666667,1750164789.712,0,0,0,5,0.37,1.85
233,233.067,3.88445,1750164790.713,0,0,0,5,0.37,1.85
234,234.066,3.9011,1750164791.716,0,0,0,5,0.37,1.85
235,235.066,3.9177666667,1750164792.719,0,0,0,5,0.37,1.85
236,236.066,3.9344333333,1750164793.713,0,0,0,5,0.37,1.85
237,237.066,3.9511,1750164794.716,0,0,0,5,0.37,1.85
238,238.067,3.9677833333,1750164795.717,0,0,0,5,0.37,1.85
239,239.066,3.9844333333,1750164796.713,0,0,0,5,0.37,1.85
240,240.067,4.0011166667,1750164797.715,0,0,0,5,0.37,1.85
241,241.067,4.0177833333,1750164798.734,0,0,0,5,0.37,1.85
242,242.066,4.0344333333,1750164799.712,0,0,0,5,0.37,1.85
243,243.066,4.0511,1750164800.716,0,0,0,5,0.37,1.85
244,244.066,4.0677666667,1750164801.711,0,0,0,5,0.37,1.85
245,245.066,4.0844333333,1750164802.712,0,0,0,5,0.37,1.85
246,246.066,4.1011,1750164803.713,0,0,0,5,0.37,1.85
247,247.066,4.1177666667,1750164804.714,0,0,0,5,0.37,1.85
248,248.066,4.1344333333,1750164805.719,0,0,0,5,0.37,1.85
249,249.067,4.1511166667,1750164806.72,0,0,0,5,0.37,1.85
250,250.066,4.1677666667,1750164807.712,0,0,0,5,0.37,1.85
251,251.066,4.1844333333,1750164808.713,0,0,0,5,0.37,1.85
252,252.066,4.2011,1750164809.737,0,0,0,5,0.37,1.85
253,253.067,4.2177833333,1750164810.713,0,0,0,5,0.37,1.85
254,254.066,4.2344333333,1750164811.719,0,0,0,5,0.37,1.85
255,255.066,4.2511,1750164812.716,0,0,0,5,0.37,1.85
256,256.067,4.2677833333,1750164813.716,0,0,0,5,0.37,1.85
257,257.067,4.28445,1750164814.72,0,0,0,5,0.37,1.85
258,258.067,4.3011166667,1750164815.716,0,0,0,5,0.37,1.85
259,259.066,4.3177666667,1750164816.713,0,0,0,5,0.37,1.85
260,260.067,4.33445,1750164817.715,0,0,0,5,0.37,1.85
261,261.066,4.3511,1750164818.718,0,0,0,5,0.37,1.85
262,262.066,4.3677666667,1750164819.721,0,0,0,5,0.37,1.85
263,263.067,4.38445,1750164820.717,0,0,0,5,0.37,1.85
264,264.067,4.4011166667,1750164821.738,0,0,0,5,0.37,1.85
265,265.067,4.4177833333,1750164822.715,0,0,0,5,0.37,1.85
266,266.066,4.4344333333,1750164823.713,0,0,0,5,0.37,1.85
267,267.066,4.4511,1750164824.712,0,0,0,5,0.37,1.85
268,268.066,4.4677666667,1750164825.719,0,0,0,5,0.37,1.85
269,269.066,4.4844333333,1750164826.716,0,0,0,5,0.37,1.85
270,270.066,4.5011,1750164827.718,0,0,0,5,0.37,1.85
271,271.066,4.5177666667,1750164828.71,0,0,0,5,0.37,1.85
272,272.066,4.5344333333,1750164829.717,0,0,0,5,0.37,1.85
273,273.067,4.5511166667,1750164830.712,0,0,0,5,0.37,1.85
274,274.066,4.5677666667,1750164831.719,0,0,0,5,0.37,1.85
275,275.066,4.5844333333,1750164832.722,0,0,0,5,0.37,1.85
276,276.066,4.6011,1750164833.738,0,0,0,5,0.37,1.85
277,277.067,4.6177833333,1750164834.721,0,0,0,5,0.37,1.85
278,278.067,4.63445,1750164835.713,0,0,0,5,0.37,1.85
279,279.067,4.6511166667,1750164836.716,0,0,0,5,0.67,3.35
280,280.066,4.6677666667,1750164837.712,0,0,0,5,0.45,2.25
281,281.067,4.68445,1750164838.715,0,0,0,5,0.45,2.25
282,282.066,4.7011,1750164839.711,0,0,0,5,0.45,2.25
283,283.066,4.7177666667,1750164840.715,0,0,0,5,0.45,2.25
284,284.066,4.7344333333,1750164841.713,0,0,0,5,0.37,1.85
285,285.066,4.7511,1750164842.714,0,0,0,5,0.37,1.85
286,286.066,4.7677666667,1750164843.715,0,0,0,5,0.37,1.85
287,287.066,4.7844333333,1750164844.724,0,0,0,5,0.37,1.85
288,288.066,4.8011,1750164845.734,0,0,0,5,0.37,1.85
289,289.067,4.8177833333,1750164846.717,0,0,0,5,0.37,1.85
290,290.066,4.8344333333,1750164847.716,0,0,0,5,0.37,1.85
291,291.066,4.8511,1750164848.713,0,0,0,5,0.37,1.85
292,292.067,4.8677833333,1750164849.713,0,0,0,5,0.37,1.85
293,293.066,4.8844333333,1750164850.712,0,0,0,5,0.37,1.85
294,294.066,4.9011,1750164851.72,0,0,0,5,0.37,1.85
295,295.066,4.9177666667,1750164852.714,0,0,0,5,0.37,1.85
296,296.067,4.93445,1750164853.715,0,0,0,5,0.37,1.85
297,297.067,4.9511166667,1750164854.714,0,0,0,5,0.37,1.85
298,298.067,4.9677833333,1750164855.715,0,0,0,5,0.37,1.85
299,299.066,4.9844333333,1750164856.736,0,0,0,5,0.37,1.85
300,300.066,5.0011,1750164857.715,0,0,0,5,0.37,1.85
301,301.067,5.0177833333,1750164858.72,0,0,0,5,0.37,1.85
302,302.066,5.0344333333,1750164859.717,0,0,0,5,0.37,1.85
303,303.066,5.0511,1750164860.714,0,0,0,5,0.37,1.85
304,304.066,5.0677666667,1750164861.716,0,0,0,5,0.37,1.85
305,305.066,5.0844333333,1750164862.713,0,0,0,5,0.37,1.85
306,306.066,5.1011,1750164863.711,0,0,0,5,0.37,1.85
307,307.066,5.1177666667,1750164864.716,0,0,0,5,0.37,1.85
308,308.066,5.1344333333,1750164865.712,0,0,0,5,0.37,1.85
309,309.066,5.1511,1750164866.712,0,0,0,5,0.37,1.85
310,310.067,5.1677833333,1750164867.717,0,0,0,5,0.37,1.85
311,311.066,5.1844333333,1750164868.736,0,0,0,5,0.37,1.85
312,312.066,5.2011,1750164869.713,0,0,0,5,0.37,1.85
313,313.066,5.2177666667,1750164870.717,0,0,0,5,0.37,1.85
314,314.066,5.2344333333,1750164871.715,0,0,0,5,0.37,1.85
315,315.067,5.2511166667,1750164872.719,0,0,0,5,0.37,1.85
316,316.066,5.2677666667,1750164873.716,0,0,0,5,0.37,1.85
317,317.067,5.28445,1750164874.716,0,0,0,5,0.37,1.85
318,318.067,5.3011166667,1750164875.716,0,0,0,5,0.37,1.85
319,319.066,5.3177666667,1750164876.714,0,0,0,5,0.37,1.85
320,320.067,5.33445,1750164877.713,0,0,0,5,0.37,1.85
321,321.067,5.3511166667,1750164878.72,0,0,0,5,0.37,1.85
322,322.067,5.3677833333,1750164879.713,0,0,0,5,0.37,1.85
323,323.066,5.3844333333,1750164880.736,0,0,0,5,0.37,1.85
324,324.066,5.4011,1750164881.713,0,0,0,5,0.37,1.85
325,325.066,5.4177666667,1750164882.714,0,0,0,4.99,0.37,1.85
326,326.067,5.43445,1750164883.713,0,0,0,5,0.37,1.85
327,327.066,5.4511,1750164884.713,0,0,0,4.99,0.37,1.85
328,328.066,5.4677666667,1750164885.716,0,0,0,5,0.37,1.85
329,329.067,5.48445,1750164886.716,0,0,0,5,0.37,1.85
330,330.066,5.5011,1750164887.712,0,0,0,5,0.37,1.85
331,331.066,5.5177666667,1750164888.714,0,0,0,5,0.37,1.85
332,332.067,5.53445,1750164889.715,0,0,0,5,0.37,1.85
333,333.066,5.5511,1750164890.719,0,0,0,5,0.37,1.85
334,334.066,5.5677666667,1750164891.716,0,0,0,5,0.37,1.85
335,335.066,5.5844333333,1750164892.733,0,0,0,5,0.37,1.85
336,336.066,5.6011,1750164893.713,0,0,0,5,0.37,1.85
337,337.067,5.6177833333,1750164894.715,0,0,0,5,0.37,1.85
338,338.067,5.63445,1750164895.716,0,0,0,5,0.37,1.85
339,339.066,5.6511,1750164896.715,0,0,0,5,0.37,1.85
340,340.067,5.6677833333,1750164897.712,0,0,0,5,0.37,1.85
341,341.066,5.6844333333,1750164898.715,0,0,0,5,0.37,1.85
342,342.066,5.7011,1750164899.716,0,0,0,5,0.37,1.85
343,343.067,5.7177833333,1750164900.712,0,0,0,5,0.37,1.85
344,344.067,5.73445,1750164901.716,0,0,0,5,0.37,1.85
345,345.067,5.7511166667,1750164902.713,0,0,0,5,0.37,1.85
346,346.066,5.7677666667,1750164903.714,0,0,0,5,0.37,1.85
347,347.066,5.7844333333,1750164904.736,0,0,0,5,0.37,1.85
348,348.066,5.8011,1750164905.713,0,0,0,5,0.37,1.85
349,349.066,5.8177666667,1750164906.712,0,0,0,5,0.37,1.85
350,350.066,5.8344333333,1750164907.719,0,0,0,5,0.64,3.2
351,351.067,5.8511166667,1750164908.717,0,0,0,5,0.55,2.75
352,352.066,5.8677666667,1750164909.712,0,0,0,5,0.45,2.25
353,353.067,5.88445,1750164910.714,0,0,0,5,0.45,2.25
354,354.066,5.9011,1750164911.715,0,0,0,5,0.45,2.25
355,355.066,5.9177666667,1750164912.712,0,0,0,5,0.41,2.05
356,356.066,5.9344333333,1750164913.714,0,0,0,5,0.37,1.85
357,357.067,5.9511166667,1750164914.713,0,0,0,5,0.37,1.85
358,358.066,5.9677666667,1750164915.714,0,0,0,5,0.43,2.15
359,359.066,5.9844333333,1750164916.733,0,0,0,5,0.41,2.05
360,360.066,6.0011,1750164917.712,0,0,0,5,0.37,1.85
361,361.066,6.0177666667,1750164918.717,0,0,0,5,0.37,1.85
362,362.067,6.03445,1750164919.716,0,0,0,5,0.45,2.25
363,363.066,6.0511,1750164920.712,0,0,0,5,0.45,2.25
364,364.066,6.0677666667,1750164921.715,0,0,0,5,0.45,2.25
365,365.066,6.0844333333,1750164922.712,0,0,0,5,0.45,2.25
366,366.066,6.1011,1750164923.717,0,0,0,5,0.42,2.1
367,367.066,6.1177666667,1750164924.714,0,0,0,5,0.37,1.85
368,368.066,6.1344333333,1750164925.711,0,0,0,5,0.37,1.85
369,369.066,6.1511,1750164926.718,0,0,0,5,0.37,1.85
370,370.067,6.1677833333,1750164927.716,0,0,0,5,0.37,1.85
371,371.067,6.18445,1750164928.732,0,0,0,5,0.38,1.9
372,372.067,6.2011166667,1750164929.713,0,0,0,5,0.37,1.85
373,373.067,6.2177833333,1750164930.713,0,0,0,5,0.37,1.85
374,374.066,6.2344333333,1750164931.717,0,0,0,5,0.37,1.85
375,375.066,6.2511,1750164932.716,0,0,0,5,0.37,1.85
376,376.066,6.2677666667,1750164933.712,0,0,0,5,0.37,1.85
377,377.066,6.2844333333,1750164934.716,0,0,0,5,0.37,1.85
378,378.066,6.3011,1750164935.712,0,0,0,5,0.37,1.85
379,379.066,6.3177666667,1750164936.715,0,0,0,5,0.37,1.85
380,380.066,6.3344333333,1750164937.712,0,0,0,5,0.37,1.85
381,381.067,6.3511166667,1750164938.719,0,0,0,5,0.37,1.85
382,382.066,6.3677666667,1750164939.734,0,0,0,5,0.37,1.85
383,383.067,6.38445,1750164940.712,0,0,0,5,0.37,1.85
384,384.066,6.4011,1750164941.712,0,0,0,5,0.37,1.85
385,385.066,6.4177666667,1750164942.713,0,0,0,5,0.37,1.85
386,386.066,6.4344333333,1750164943.717,0,0,0,5,0.37,1.85
387,387.066,6.4511,1750164944.716,0,0,0,5,0.37,1.85
388,388.067,6.4677833333,1750164945.716,0,0,0,5,0.37,1.85
389,389.066,6.4844333333,1750164946.71,0,0,0,5,0.37,1.85
390,390.066,6.5011,1750164947.718,0,0,0,4.99,0.37,1.85
391,391.067,6.5177833333,1750164948.719,0,0,0,5,0.37,1.85
392,392.066,6.5344333333,1750164949.715,0,0,0,5,0.37,1.85
393,393.066,6.5511,1750164950.714,0,0,0,5,0.37,1.85
394,394.066,6.5677666667,1750164951.732,0,0,0,5,0.37,1.85
395,395.066,6.5844333333,1750164952.713,0,0,0,5,0.37,1.85
396,396.066,6.6011,1750164953.718,0,0,0,5,0.37,1.85
397,397.067,6.6177833333,1750164954.715,0,0,0,4.99,0.37,1.85
398,398.066,6.6344333333,1750164955.719,0,0,0,5,0.37,1.85
399,399.066,6.6511,1750164956.714,0,0,0,5,0.37,1.85
400,400.066,6.6677666667,1750164957.715,0,0,0,5,0.37,1.85
401,401.066,6.6844333333,1750164958.715,0,0,0,5,0.37,1.85
402,402.066,6.7011,1750164959.714,0,0,0,5,0.37,1.85
403,403.067,6.7177833333,1750164960.716,0,0,0,5,0.37,1.85
404,404.067,6.73445,1750164961.718,0,0,0,5,0.37,1.85
405,405.066,6.7511,1750164962.717,0,0,0,5,0.37,1.85
406,406.066,6.7677666667,1750164963.727,0,0,0,5,0.37,1.85
407,407.066,6.7844333333,1750164964.714,0,0,0,5,0.37,1.85
408,408.066,6.8011,1750164965.712,0,0,0,5,0.37,1.85
409,409.066,6.8177666667,1750164966.716,0,0,0,5,0.37,1.85
410,410.066,6.8344333333,1750164967.718,0,0,0,5,0.37,1.85
411,411.066,6.8511,1750164968.711,0,0,0,5,0.37,1.85
412,412.067,6.8677833333,1750164969.712,0,0,0,5,0.37,1.85
413,413.066,6.8844333333,1750164970.716,0,0,0,5,0.37,1.85
414,414.066,6.9011,1750164971.712,0,0,0,5,0.37,1.85
415,415.066,6.9177666667,1750164972.718,0,0,0,5,0.37,1.85
416,416.066,6.9344333333,1750164973.713,0,0,0,5,0.37,1.85
417,417.066,6.9511,1750164974.712,0,0,0,5,0.37,1.85
418,418.066,6.9677666667,1750164975.732,0,0,0,5,0.37,1.85
419,419.066,6.9844333333,1750164976.712,0,0,0,5,0.37,1.85
420,420.066,7.0011,1750164977.717,0,0,0,5,0.37,1.85
421,421.066,7.0177666667,1750164978.712,0,0,0,5,0.37,1.85
422,422.067,7.03445,1750164979.717,0,0,0,5,0.7,3.5
423,423.066,7.0511,1750164980.712,0,0,0,5,0.45,2.25
424,424.066,7.0677666667,1750164981.712,0,0,0,5,0.45,2.25
425,425.067,7.08445,1750164982.713,0,0,0,5,0.45,2.25
426,426.066,7.1011,1750164983.718,0,0,0,5,0.45,2.25
427,427.066,7.1177666667,1750164984.713,0,0,0,5,0.37,1.85
428,428.067,7.13445,1750164985.713,0,0,0,5,0.37,1.85
429,429.067,7.1511166667,1750164986.72,0,0,0,5,0.37,1.85
430,430.067,7.1677833333,1750164987.732,0,0,0,5,0.39,1.95
431,431.066,7.1844333333,1750164988.713,0,0,0,5,0.37,1.85
432,432.067,7.2011166667,1750164989.713,0,0,0,5,0.37,1.85
433,433.066,7.2177666667,1750164990.715,0,0,0,5,0.45,2.25
434,434.066,7.2344333333,1750164991.715,0,0,0,5,0.45,2.25
435,435.066,7.2511,1750164992.712,0,0,0,5,0.45,2.25
436,436.066,7.2677666667,1750164993.72,0,0,0,5,0.45,2.25
437,437.066,7.2844333333,1750164994.712,0,0,0,5,0.45,2.25
438,438.066,7.3011,1750164995.713,0,0,0,5,0.37,1.85
439,439.067,7.3177833333,1750164996.714,0,0,0,5,0.37,1.85
440,440.066,7.3344333333,1750164997.713,0,0,0,5,0.37,1.85
441,441.066,7.3511,1750164998.734,0,0,0,5,0.37,1.85
442,442.066,7.3677666667,1750164999.713,0,0,0,5,0.37,1.85
443,443.067,7.38445,1750165000.712,0,0,0,5,0.37,1.85
444,444.066,7.4011,1750165001.718,0,0,0,5,0.37,1.85
445,445.066,7.4177666667,1750165002.712,0,0,0,5,0.37,1.85
446,446.066,7.4344333333,1750165003.717,0,0,0,5,0.37,1.85
447,447.066,7.4511,1750165004.711,0,0,0,5,0.37,1.85
448,448.066,7.4677666667,1750165005.713,0,0,0,5,0.37,1.85
449,449.066,7.4844333333,1750165006.714,0,0,0,5,0.37,1.85
450,450.067,7.5011166667,1750165007.718,0,0,0,5,0.37,1.85
451,451.066,7.5177666667,1750165008.719,0,0,0,5,0.37,1.85
452,452.067,7.53445,1750165009.721,0,0,0,5,0.37,1.85
453,453.067,7.5511166667,1750165010.723,0,0,0,5,0.37,1.85
454,454.066,7.5677666667,1750165011.716,0,0,0,5,0.37,1.85
455,455.067,7.58445,1750165012.713,0,0,0,5,0.37,1.85
456,456.067,7.6011166667,1750165013.715,0,0,0,5,0.37,1.85
457,457.067,7.6177833333,1750165014.718,0,0,0,5,0.37,1.85
458,458.067,7.63445,1750165015.714,0,0,0,5,0.37,1.85
459,459.066,7.6511,1750165016.713,0,0,0,5,0.37,1.85
460,460.067,7.6677833333,1750165017.712,0,0,0,5,0.37,1.85
461,461.066,7.6844333333,1750165018.719,0,0,0,5,0.37,1.85
462,462.066,7.7011,1750165019.717,0,0,0,5,0.37,1.85
463,463.067,7.7177833333,1750165020.712,0,0,0,5,0.37,1.85
464,464.066,7.7344333333,1750165021.715,0,0,0,5,0.37,1.85
465,465.067,7.7511166667,1750165022.723,0,0,0,5,0.37,1.85
466,466.066,7.7677666667,1750165023.715,0,0,0,5,0.37,1.85
467,467.066,7.7844333333,1750165024.714,0,0,0,5,0.37,1.85
468,468.067,7.8011166667,1750165025.713,0,0,0,5,0.37,1.85
469,469.067,7.8177833333,1750165026.717,0,0,0,5,0.37,1.85
470,470.066,7.8344333333,1750165027.712,0,0,0,4.99,0.37,1.85
471,471.067,7.8511166667,1750165028.713,0,0,0,5,0.37,1.85
472,472.066,7.8677666667,1750165029.715,0,0,0,5,0.37,1.85
473,473.067,7.88445,1750165030.712,0,0,0,5,0.37,1.85
474,474.066,7.9011,1750165031.713,0,0,0,5,0.37,1.85
475,475.066,7.9177666667,1750165032.715,0,0,0,5,0.37,1.85
476,476.066,7.9344333333,1750165033.712,0,0,0,5,0.37,1.85
477,477.066,7.9511,1750165034.734,0,0,0,5,0.37,1.85
478,478.067,7.9677833333,1750165035.715,0,0,0,5,0.37,1.85
479,479.066,7.9844333333,1750165036.716,0,0,0,4.99,0.37,1.85
480,480.067,8.0011166667,1750165037.716,0,0,0,4.99,0.37,1.85
481,481.066,8.0177666667,1750165038.717,0,0,0,4.99,0.37,1.85
482,482.066,8.0344333333,1750165039.713,0,0,0,4.99,0.37,1.85
483,483.066,8.0511,1750165040.715,0,0,0,4.99,0.37,1.85
484,484.066,8.0677666667,1750165041.713,0,0,0,4.99,0.37,1.85
485,485.066,8.0844333333,1750165042.712,0,0,0,4.99,0.37,1.85
486,486.067,8.1011166667,1750165043.712,0,0,0,4.99,0.37,1.85
487,487.067,8.1177833333,1750165044.712,0,0,0,4.99,0.37,1.85
488,488.066,8.1344333333,1750165045.719,0,0,0,4.99,0.37,1.85
489,489.066,8.1511,1750165046.732,0,0,0,4.99,0.37,1.85
490,490.066,8.1677666667,1750165047.714,0,0,0,4.99,0.37,1.85
491,491.067,8.18445,1750165048.713,0,0,0,4.99,0.37,1.85
492,492.067,8.2011166667,1750165049.715,0,0,0,4.99,0.37,1.85
493,493.066,8.2177666667,1750165050.712,0,0,0,4.99,0.62,3.09
494,494.066,8.2344333333,1750165051.714,0,0,0,4.99,0.46,2.3
495,495.066,8.2511,1750165052.719,0,0,0,4.99,0.45,2.25
496,496.066,8.2677666667,1750165053.718,0,0,0,4.99,0.45,2.25
497,497.066,8.2844333333,1750165054.72,0,0,0,4.99,0.45,2.25
498,498.066,8.3011,1750165055.713,0,0,0,4.99,0.39,1.95
499,499.066,8.3177666667,1750165056.712,0,0,0,4.99,0.37,1.85
500,500.066,8.3344333333,1750165057.734,0,0,0,4.99,0.37,1.85
501,501.066,8.3511,1750165058.712,0,0,0,4.99,0.37,1.85
502,502.066,8.3677666667,1750165059.718,0,0,0,5,0.41,2.05
503,503.066,8.3844333333,1750165060.713,0,0,0,5,0.41,2.05
504,504.066,8.4011,1750165061.713,0,0,0,4.99,0.43,2.15
505,505.066,8.4177666667,1750165062.716,0,0,0,4.99,0.45,2.25
506,506.067,8.43445,1750165063.712,0,0,0,4.99,0.45,2.25
507,507.066,8.4511,1750165064.71,0,0,0,4.99,0.45,2.25
508,508.067,8.4677833333,1750165065.719,0,0,0,4.99,0.45,2.25
509,509.067,8.48445,1750165066.714,0,0,0,5,0.39,1.95
510,510.066,8.5011,1750165067.716,0,0,0,4.99,0.37,1.85
511,511.067,8.5177833333,1750165068.713,0,0,0,4.99,0.37,1.85
512,512.067,8.53445,1750165069.733,0,0,0,5,0.37,1.85
513,513.066,8.5511,1750165070.716,0,0,0,5,0.37,1.85
514,514.067,8.5677833333,1750165071.713,0,0,0,5,0.37,1.85
515,515.067,8.58445,1750165072.713,0,0,0,5,0.37,1.85
516,516.067,8.6011166667,1750165073.713,0,0,0,5,0.37,1.85
517,517.067,8.6177833333,1750165074.715,0,0,0,5,0.37,1.85
518,518.066,8.6344333333,1750165075.713,0,0,0,4.99,0.37,1.85
519,519.066,8.6511,1750165076.716,0,0,0,4.99,0.37,1.85
520,520.066,8.6677666667,1750165077.714,0,0,0,4.99,0.37,1.85
521,521.066,8.6844333333,1750165078.717,0,0,0,5,0.37,1.85
522,522.066,8.7011,1750165079.716,0,0,0,5,0.37,1.85
523,523.066,8.7177666667,1750165080.717,0,0,0,5,0.37,1.85
524,524.066,8.7344333333,1750165081.734,0,0,0,4.99,0.37,1.85
525,525.066,8.7511,1750165082.719,0,0,0,4.99,0.37,1.85
526,526.066,8.7677666667,1750165083.716,0,0,0,5,0.37,1.85
527,527.066,8.7844333333,1750165084.714,0,0,0,5,0.37,1.85
528,528.066,8.8011,1750165085.715,0,0,0,5,0.37,1.85
529,529.066,8.8177666667,1750165086.715,0,0,0,5,0.37,1.85
530,530.067,8.83445,1750165087.712,0,0,0,5,0.37,1.85
531,531.066,8.8511,1750165088.718,0,0,0,5,0.37,1.85
532,532.066,8.8677666667,1750165089.713,0,0,0,5,0.37,1.85
533,533.066,8.8844333333,1750165090.717,0,0,0,5,0.37,1.85
534,534.066,8.9011,1750165091.713,0,0,0,5,0.37,1.85
535,535.066,8.9177666667,1750165092.716,0,0,0,5,0.37,1.85
536,536.066,8.9344333333,1750165093.733,0,0,0,4.99,0.37,1.85
537,537.067,8.9511166667,1750165094.716,0,0,0,5,0.37,1.85
538,538.067,8.9677833333,1750165095.715,0,0,0,5,0.37,1.85
539,539.067,8.98445,1750165096.716,0,0,0,5,0.37,1.85
540,540.066,9.0011,1750165097.718,0,0,0,5,0.37,1.85
541,541.067,9.0177833333,1750165098.715,0,0,0,5,0.37,1.85
542,542.066,9.0344333333,1750165099.72,0,0,0,5,0.37,1.85
543,543.067,9.0511166667,1750165100.715,0,0,0,5,0.37,1.85
544,544.066,9.0677666667,1750165101.717,0,0,0,5,0.37,1.85
545,545.066,9.0844333333,1750165102.711,0,0,0,5,0.37,1.85
546,546.066,9.1011,1750165103.715,0,0,0,5,0.37,1.85
547,547.066,9.1177666667,1750165104.739,0,0,0,4.99,0.37,1.85
548,548.066,9.1344333333,1750165105.716,0,0,0,5,0.37,1.85
549,549.067,9.1511166667,1750165106.715,0,0,0,5,0.37,1.85
550,550.066,9.1677666667,1750165107.712,0,0,0,5,0.37,1.85
551,551.067,9.18445,1750165108.713,0,0,0,4.99,0.37,1.85
552,552.066,9.2011,1750165109.716,0,0,0,5,0.37,1.85
553,553.067,9.2177833333,1750165110.719,0,0,0,5,0.37,1.85
554,554.066,9.2344333333,1750165111.715,0,0,0,5,0.37,1.85
555,555.066,9.2511,1750165112.714,0,0,0,5,0.37,1.85
556,556.066,9.2677666667,1750165113.72,0,0,0,5,0.37,1.85
557,557.066,9.2844333333,1750165114.712,0,0,0,5,0.37,1.85
558,558.067,9.3011166667,1750165115.722,0,0,0,5,0.37,1.85
559,559.066,9.3177666667,1750165116.738,0,0,0,5,0.37,1.85
560,560.066,9.3344333333,1750165117.717,0,0,0,5,0.37,1.85
561,561.066,9.3511,1750165118.713,0,0,0,5,0.37,1.85
562,562.067,9.3677833333,1750165119.711,0,0,0,5,0.37,1.85
563,563.066,9.3844333333,1750165120.712,0,0,0,5,0.37,1.85
564,564.067,9.4011166667,1750165121.717,0,0,0,5,0.37,1.85
565,565.067,9.4177833333,1750165122.721,0,0,0,5,0.37,1.85
566,566.066,9.4344333333,1750165123.713,0,0,0,5,0.37,1.85
567,567.066,9.4511,1750165124.714,0,0,0,5,0.37,1.85
568,568.066,9.4677666667,1750165125.712,0,0,0,5,0.37,1.85
569,569.066,9.4844333333,1750165126.715,0,0,0,5,0.37,1.85
570,570.066,9.5011,1750165127.74,0,0,0,5,0.37,1.85
571,571.066,9.5177666667,1750165128.716,0,0,0,5,0.41,2.05
572,572.067,9.53445,1750165129.714,0,0,0,5,0.37,1.85
573,573.066,9.5511,1750165130.713,0,0,0,5,0.37,1.85
574,574.066,9.5677666667,1750165131.713,0,0,0,5,0.37,1.85
575,575.066,9.5844333333,1750165132.717,0,0,0,4.99,0.37,1.85
576,576.066,9.6011,1750165133.715,0,0,0,5,0.37,1.85
577,577.066,9.6177666667,1750165134.715,0,0,0,5,0.37,1.85
578,578.067,9.63445,1750165135.711,0,0,0,4.99,0.37,1.85
579,579.066,9.6511,1750165136.712,0,0,0,4.99,0.37,1.85
580,580.067,9.6677833333,1750165137.713,0,0,0,5,0.37,1.85
581,581.066,9.6844333333,1750165138.714,0,0,0,4.99,0.37,1.85
582,582.066,9.7011,1750165139.734,0,0,0,4.99,0.37,1.85
583,583.066,9.7177666667,1750165140.719,0,0,0,4.99,0.37,1.85
584,584.066,9.7344333333,1750165141.716,0,0,0,4.99,0.37,1.85
585,585.066,9.7511,1750165142.717,0,0,0,5,0.37,1.85
586,586.066,9.7677666667,1750165143.714,0,0,0,5,0.37,1.85
587,587.067,9.78445,1750165144.715,0,0,0,5,0.37,1.85
588,588.066,9.8011,1750165145.714,0,0,0,5,0.37,1.85
589,589.066,9.8177666667,1750165146.719,0,0,0,5,0.37,1.85
590,590.067,9.83445,1750165147.72,0,0,0,5,0.37,1.85
591,591.066,9.8511,1750165148.715,0,0,0,5,0.37,1.85
592,592.066,9.8677666667,1750165149.713,0,0,0,4.99,0.37,1.85
593,593.066,9.8844333333,1750165150.719,0,0,0,4.99,0.37,1.85
594,594.067,9.9011166667,1750165151.713,0,0,0,4.99,0.37,1.85
595,595.066,9.9177666667,1750165152.714,0,0,0,4.99,0.37,1.85
596,596.066,9.9344333333,1750165153.713,0,0,0,4.99,0.37,1.85
597,597.066,9.9511,1750165154.715,0,0,0,4.99,0.37,1.85
598,598.067,9.9677833333,1750165155.715,0,0,0,5,0.37,1.85
599,599.067,9.98445,1750165156.714,0,0,0,4.99,0.37,1.85
600,600.066,10.0011,1750165157.71,0,0,0,5,0.37,1.85
601,601.067,10.0177833333,1750165158.714,0,0,0,4.99,0.37,1.85
602,602.066,10.0344333333,1750165159.715,0,0,0,5,0.37,1.85
603,603.067,10.0511166667,1750165160.718,0,0,0,4.99,0.37,1.85
604,604.066,10.0677666667,1750165161.717,0,0,0,4.99,0.37,1.85
605,605.066,10.0844333333,1750165162.723,0,0,0,4.99,0.37,1.85
606,606.066,10.1011,1750165163.736,0,0,0,4.99,0.37,1.85
607,607.067,10.1177833333,1750165164.712,0,0,0,4.99,0.37,1.85
608,608.067,10.13445,1750165165.714,0,0,0,5,0.37,1.85
609,609.066,10.1511,1750165166.714,0,0,0,5,0.37,1.85
610,610.066,10.1677666667,1750165167.716,0,0,0,5,0.37,1.85
611,611.066,10.1844333333,1750165168.715,0,0,0,4.99,0.37,1.85
612,612.066,10.2011,1750165169.712,0,0,0,4.99,0.37,1.85
613,613.066,10.2177666667,1750165170.718,0,0,0,4.99,0.37,1.85
614,614.066,10.2344333333,1750165171.712,0,0,0,4.99,0.37,1.85
615,615.066,10.2511,1750165172.716,0,0,0,4.99,0.37,1.85
616,616.066,10.2677666667,1750165173.715,0,0,0,4.99,0.37,1.85
617,617.067,10.28445,1750165174.717,0,0,0,5,0.37,1.85
618,618.067,10.3011166667,1750165175.711,0,0,0,4.99,0.37,1.85
619,619.067,10.3177833333,1750165176.712,0,0,0,4.99,0.37,1.85
620,620.066,10.3344333333,1750165177.712,0,0,0,5,0.37,1.85
621,621.066,10.3511,1750165178.714,0,0,0,5,0.37,1.85
622,622.066,10.3677666667,1750165179.712,0,0,0,5,0.37,1.85
623,623.066,10.3844333333,1750165180.717,0,0,0,4.99,0.37,1.85
624,624.066,10.4011,1750165181.716,0,0,0,4.99,0.37,1.85
625,625.066,10.4177666667,1750165182.717,0,0,0,5,0.37,1.85
626,626.067,10.43445,1750165183.713,0,0,0,4.99,0.37,1.85
627,627.066,10.4511,1750165184.719,0,0,0,5,0.37,1.85
628,628.067,10.4677833333,1750165185.716,0,0,0,5,0.37,1.85
629,629.066,10.4844333333,1750165186.717,0,0,0,5,0.37,1.85
630,630.066,10.5011,1750165187.71,0,0,0,5,0.37,1.85
631,631.067,10.5177833333,1750165188.716,0,0,0,5,0.41,2.05
632,632.066,10.5344333333,1750165189.718,0,0,0,5,0.37,1.85
633,633.066,10.5511,1750165190.714,0,0,0,4.99,0.37,1.85
634,634.067,10.5677833333,1750165191.713,0,0,0,5,0.37,1.85
635,635.066,10.5844333333,1750165192.712,0,0,0,5,0.37,1.85
636,636.066,10.6011,1750165193.714,0,0,0,5,0.37,1.85
637,637.066,10.6177666667,1750165194.719,0,0,0,5,0.37,1.85
638,638.066,10.6344333333,1750165195.712,0,0,0,5,0.37,1.85
639,639.067,10.6511166667,1750165196.714,0,0,0,5,0.37,1.85
640,640.066,10.6677666667,1750165197.713,0,0,0,5,0.37,1.85
641,641.066,10.6844333333,1750165198.721,0,0,0,5,0.37,1.85
642,642.066,10.7011,1750165199.735,0,0,0,5,0.37,1.85
643,643.067,10.7177833333,1750165200.713,0,0,0,5,0.37,1.85
644,644.066,10.7344333333,1750165201.712,0,0,0,5,0.37,1.85
645,645.066,10.7511,1750165202.711,0,0,0,5,0.37,1.85
646,646.067,10.7677833333,1750165203.714,0,0,0,5,0.37,1.85
647,647.066,10.7844333333,1750165204.718,0,0,0,5,0.37,1.85
648,648.066,10.8011,1750165205.714,0,0,0,5,0.37,1.85
649,649.066,10.8177666667,1750165206.714,0,0,0,5,0.37,1.85
650,650.066,10.8344333333,1750165207.716,0,0,0,5,0.37,1.85
651,651.066,10.8511,1750165208.716,0,0,0,5,0.37,1.85
652,652.066,10.8677666667,1750165209.715,0,0,0,5,0.37,1.85
653,653.066,10.8844333333,1750165210.718,0,0,0,5,0.37,1.85
654,654.066,10.9011,1750165211.708,0,0,0,5,0.37,1.85
655,655.066,10.9177666667,1750165212.712,0,0,0,5,0.37,1.85
656,656.066,10.9344333333,1750165213.709,0,0,0,5,0.37,1.85
657,657.066,10.9511,1750165214.71,0,0,0,5,0.37,1.85
658,658.066,10.9677666667,1750165215.714,0,0,0,5,0.37,1.85
659,659.066,10.9844333333,1750165216.716,0,0,0,5,0.37,1.85
660,660.066,11.0011,1750165217.716,0,0,0,5,0.37,1.85
661,661.066,11.0177666667,1750165218.715,0,0,0,5,0.37,1.85
662,662.067,11.03445,1750165219.715,0,0,0,5,0.37,1.85
663,663.066,11.0511,1750165220.717,0,0,0,5,0.37,1.85
664,664.066,11.0677666667,1750165221.714,0,0,0,5,0.37,1.85
665,665.066,11.0844333333,1750165222.719,0,0,0,5,0.37,1.85
666,666.066,11.1011,1750165223.732,0,0,0,5,0.37,1.85
667,667.066,11.1177666667,1750165224.718,0,0,0,5,0.37,1.85
668,668.066,11.1344333333,1750165225.712,0,0,0,5,0.37,1.85
669,669.067,11.1511166667,1750165226.716,0,0,0,5,0.37,1.85
670,670.066,11.1677666667,1750165227.713,0,0,0,5,0.37,1.85
671,671.066,11.1844333333,1750165228.712,0,0,0,5,0.37,1.85
672,672.066,11.2011,1750165229.714,0,0,0,5,0.37,1.85
673,673.067,11.2177833333,1750165230.716,0,0,0,5,0.37,1.85
674,674.066,11.2344333333,1750165231.713,0,0,0,5,0.37,1.85
675,675.066,11.2511,1750165232.712,0,0,0,5,0.37,1.85
676,676.067,11.2677833333,1750165233.713,0,0,0,5,0.37,1.85
677,677.066,11.2844333333,1750165234.737,0,0,0,5,0.37,1.85
678,678.066,11.3011,1750165235.714,0,0,0,5,0.37,1.85
679,679.067,11.3177833333,1750165236.712,0,0,0,5,0.37,1.85
680,680.066,11.3344333333,1750165237.713,0,0,0,5,0.37,1.85
681,681.066,11.3511,1750165238.712,0,0,0,5,0.37,1.85
682,682.066,11.3677666667,1750165239.716,0,0,0,5,0.37,1.85
683,683.066,11.3844333333,1750165240.712,0,0,0,5,0.37,1.85
684,684.067,11.4011166667,1750165241.718,0,0,0,5,0.39,1.95
685,685.066,11.4177666667,1750165242.713,0,0,0,5,0.49,2.45
686,686.066,11.4344333333,1750165243.711,0,0,0,5,0.48,2.4
687,687.066,11.4511,1750165244.713,0,0,0,5,0.43,2.15
688,688.066,11.4677666667,1750165245.718,0,0,0,5,0.43,2.15
689,689.066,11.4844333333,1750165246.733,0,0,0,5,0.43,2
690,690.067,11.5011166667,1750165247.713,0,0,0,5,0.35,1.75
691,691.066,11.5177666667,1750165248.713,0,0,0,5,0.35,1.75
692,692.066,11.5344333333,1750165249.714,0,0,0,5,0.46,2.3
693,693.066,11.5511,1750165250.714,0,0,0,4.99,0.41,2.05
